[
    {
        "inputs": [],
        "stateMutability": "nonpayable",
        "type": "constructor"
    },
    {
        "inputs": [],
        "name": "InvalidRole",
        "type": "error"
    },
    {
        "inputs": [],
        "name": "NotOwner",
        "type": "error"
    },
    {
        "anonymous": false,
        "inputs": [
            {
                "indexed": true,
                "internalType": "address",
                "name": "oldOwner",
                "type": "address"
            },
            {
                "indexed": true,
                "internalType": "address",
                "name": "newOwner",
                "type": "address"
            }
        ],
        "name": "OwnerTransferred",
        "type": "event"
    },
    {
        "anonymous": false,
        "inputs": [
            {
                "indexed": true,
                "internalType": "address",
                "name": "account",
                "type": "address"
            },
            {
                "indexed": true,
                "internalType": "enum IAccessRegistry.Role",
                "name": "role",
                "type": "uint8"
            },
            {
                "indexed": true,
                "internalType": "address",
                "name": "by",
                "type": "address"
            }
        ],
        "name": "RoleGranted",
        "type": "event"
    },
    {
        "anonymous": false,
        "inputs": [
            {
                "indexed": true,
                "internalType": "address",
                "name": "account",
                "type": "address"
            },
            {
                "indexed": true,
                "internalType": "enum IAccessRegistry.Role",
                "name": "role",
                "type": "uint8"
            },
            {
                "indexed": true,
                "internalType": "address",
                "name": "by",
                "type": "address"
            }
        ],
        "name": "RoleRevoked",
        "type": "event"
    },
    {
        "inputs": [
            {
                "internalType": "address",
                "name": "account",
                "type": "address"
            },
            {
                "internalType": "enum IAccessRegistry.Role",
                "name": "role",
                "type": "uint8"
            }
        ],
        "name": "grantRole",
        "outputs": [],
        "stateMutability": "nonpayable",
        "type": "function"
    },
    {
        "inputs": [
            {
                "internalType": "address",
                "name": "account",
                "type": "address"
            },
            {
                "internalType": "enum IAccessRegistry.Role",
                "name": "role",
                "type": "uint8"
            }
        ],
        "name": "hasRole",
        "outputs": [
            {
                "internalType": "bool",
                "name": "",
                "type": "bool"
            }
        ],
        "stateMutability": "view",
        "type": "function"
    },
    {
        "inputs": [],
        "name": "owner",
        "outputs": [
            {
                "internalType": "address",
                "name": "",
                "type": "address"
            }
        ],
        "stateMutability": "view",
        "type": "function"
    },
    {
        "inputs": [
            {
                "internalType": "address",
                "name": "account",
                "type": "address"
            },
            {
                "internalType": "enum IAccessRegistry.Role",
                "name": "role",
                "type": "uint8"
            }
        ],
        "name": "revokeRole",
        "outputs": [],
        "stateMutability": "nonpayable",
        "type": "function"
    },
    {
        "inputs": [
            {
                "internalType": "address",
                "name": "newOwner",
                "type": "address"
            }
        ],
        "name": "transferOwnership",
        "outputs": [],
        "stateMutability": "nonpayable",
        "type": "function"
    }
]