[
    {
        "inputs": [
            {
                "internalType": "address",
                "name": "accessRegistry",
                "type": "address"
            }
        ],
        "stateMutability": "nonpayable",
        "type": "constructor"
    },
    {
        "inputs": [],
        "name": "DeliveryNotFound",
        "type": "error"
    },
    {
        "inputs": [],
        "name": "InvalidInput",
        "type": "error"
    },
    {
        "inputs": [],
        "name": "NotAuthorized",
        "type": "error"
    },
    {
        "anonymous": false,
        "inputs": [
            {
                "indexed": true,
                "internalType": "uint256",
                "name": "orderId",
                "type": "uint256"
            },
            {
                "indexed": false,
                "internalType": "uint256",
                "name": "truckId",
                "type": "uint256"
            },
            {
                "indexed": false,
                "internalType": "string",
                "name": "origin",
                "type": "string"
            },
            {
                "indexed": false,
                "internalType": "string",
                "name": "destination",
                "type": "string"
            },
            {
                "indexed": false,
                "internalType": "uint256",
                "name": "eta",
                "type": "uint256"
            },
            {
                "indexed": true,
                "internalType": "address",
                "name": "createdBy",
                "type": "address"
            }
        ],
        "name": "DeliveryCreated",
        "type": "event"
    },
    {
        "anonymous": false,
        "inputs": [
            {
                "indexed": true,
                "internalType": "address",
                "name": "oldOwner",
                "type": "address"
            },
            {
                "indexed": true,
                "internalType": "address",
                "name": "newOwner",
                "type": "address"
            }
        ],
        "name": "OwnerTransferred",
        "type": "event"
    },
    {
        "anonymous": false,
        "inputs": [
            {
                "indexed": true,
                "internalType": "address",
                "name": "pod",
                "type": "address"
            },
            {
                "indexed": true,
                "internalType": "address",
                "name": "by",
                "type": "address"
            }
        ],
        "name": "ProofOfDeliverySet",
        "type": "event"
    },
    {
        "anonymous": false,
        "inputs": [
            {
                "indexed": true,
                "internalType": "uint256",
                "name": "orderId",
                "type": "uint256"
            },
            {
                "indexed": false,
                "internalType": "enum DeliveryManagement.Status",
                "name": "newStatus",
                "type": "uint8"
            },
            {
                "indexed": true,
                "internalType": "address",
                "name": "by",
                "type": "address"
            }
        ],
        "name": "StatusUpdated",
        "type": "event"
    },
    {
        "inputs": [
            {
                "internalType": "uint256",
                "name": "truckId",
                "type": "uint256"
            },
            {
                "internalType": "string",
                "name": "origin",
                "type": "string"
            },
            {
                "internalType": "string",
                "name": "destination",
                "type": "string"
            },
            {
                "internalType": "uint256",
                "name": "eta",
                "type": "uint256"
            }
        ],
        "name": "createDelivery",
        "outputs": [
            {
                "internalType": "uint256",
                "name": "orderId",
                "type": "uint256"
            }
        ],
        "stateMutability": "nonpayable",
        "type": "function"
    },
    {
        "inputs": [
            {
                "internalType": "uint256",
                "name": "orderId",
                "type": "uint256"
            }
        ],
        "name": "getDelivery",
        "outputs": [
            {
                "components": [
                    {
                        "internalType": "uint256",
                        "name": "orderId",
                        "type": "uint256"
                    },
                    {
                        "internalType": "uint256",
                        "name": "truckId",
                        "type": "uint256"
                    },
                    {
                        "internalType": "string",
                        "name": "origin",
                        "type": "string"
                    },
                    {
                        "internalType": "string",
                        "name": "destination",
                        "type": "string"
                    },
                    {
                        "internalType": "uint256",
                        "name": "eta",
                        "type": "uint256"
                    },
                    {
                        "internalType": "enum DeliveryManagement.Status",
                        "name": "status",
                        "type": "uint8"
                    },
                    {
                        "internalType": "address",
                        "name": "createdBy",
                        "type": "address"
                    }
                ],
                "internalType": "struct DeliveryManagement.Delivery",
                "name": "",
                "type": "tuple"
            }
        ],
        "stateMutability": "view",
        "type": "function"
    },
    {
        "inputs": [
            {
                "internalType": "uint256",
                "name": "orderId",
                "type": "uint256"
            }
        ],
        "name": "markDeliveredFromPoD",
        "outputs": [],
        "stateMutability": "nonpayable",
        "type": "function"
    },
    {
        "inputs": [],
        "name": "nextOrderId",
        "outputs": [
            {
                "internalType": "uint256",
                "name": "",
                "type": "uint256"
            }
        ],
        "stateMutability": "view",
        "type": "function"
    },
    {
        "inputs": [],
        "name": "owner",
        "outputs": [
            {
                "internalType": "address",
                "name": "",
                "type": "address"
            }
        ],
        "stateMutability": "view",
        "type": "function"
    },
    {
        "inputs": [],
        "name": "proofOfDelivery",
        "outputs": [
            {
                "internalType": "address",
                "name": "",
                "type": "address"
            }
        ],
        "stateMutability": "view",
        "type": "function"
    },
    {
        "inputs": [],
        "name": "registry",
        "outputs": [
            {
                "internalType": "contract IAccessRegistry",
                "name": "",
                "type": "address"
            }
        ],
        "stateMutability": "view",
        "type": "function"
    },
    {
        "inputs": [
            {
                "internalType": "address",
                "name": "pod",
                "type": "address"
            }
        ],
        "name": "setProofOfDelivery",
        "outputs": [],
        "stateMutability": "nonpayable",
        "type": "function"
    },
    {
        "inputs": [
            {
                "internalType": "uint256",
                "name": "orderId",
                "type": "uint256"
            },
            {
                "internalType": "enum DeliveryManagement.Status",
                "name": "newStatus",
                "type": "uint8"
            }
        ],
        "name": "setStatus",
        "outputs": [],
        "stateMutability": "nonpayable",
        "type": "function"
    },
    {
        "inputs": [
            {
                "internalType": "address",
                "name": "newOwner",
                "type": "address"
            }
        ],
        "name": "transferOwnership",
        "outputs": [],
        "stateMutability": "nonpayable",
        "type": "function"
    }
]