[
    {
        "inputs": [
            {
                "internalType": "address",
                "name": "_deliveryContract",
                "type": "address"
            }
        ],
        "stateMutability": "nonpayable",
        "type": "constructor"
    },
    {
        "inputs": [],
        "name": "EscrowAlreadyReleased",
        "type": "error"
    },
    {
        "inputs": [],
        "name": "EscrowExists",
        "type": "error"
    },
    {
        "inputs": [],
        "name": "EscrowNotFound",
        "type": "error"
    },
    {
        "inputs": [],
        "name": "InsufficientValue",
        "type": "error"
    },
    {
        "inputs": [],
        "name": "InvalidAddress",
        "type": "error"
    },
    {
        "inputs": [],
        "name": "InvalidAmount",
        "type": "error"
    },
    {
        "inputs": [],
        "name": "NotDeliveryContract",
        "type": "error"
    },
    {
        "inputs": [],
        "name": "NotOwner",
        "type": "error"
    },
    {
        "inputs": [],
        "name": "TransferFailed",
        "type": "error"
    },
    {
        "anonymous": false,
        "inputs": [
            {
                "indexed": true,
                "internalType": "address",
                "name": "deliveryContract",
                "type": "address"
            },
            {
                "indexed": true,
                "internalType": "address",
                "name": "by",
                "type": "address"
            }
        ],
        "name": "DeliveryContractSet",
        "type": "event"
    },
    {
        "anonymous": false,
        "inputs": [
            {
                "indexed": true,
                "internalType": "uint256",
                "name": "orderId",
                "type": "uint256"
            },
            {
                "indexed": true,
                "internalType": "address",
                "name": "payer",
                "type": "address"
            },
            {
                "indexed": true,
                "internalType": "address",
                "name": "payee",
                "type": "address"
            },
            {
                "indexed": false,
                "internalType": "address",
                "name": "token",
                "type": "address"
            },
            {
                "indexed": false,
                "internalType": "uint256",
                "name": "amount",
                "type": "uint256"
            }
        ],
        "name": "EscrowCreatedERC20",
        "type": "event"
    },
    {
        "anonymous": false,
        "inputs": [
            {
                "indexed": true,
                "internalType": "uint256",
                "name": "orderId",
                "type": "uint256"
            },
            {
                "indexed": true,
                "internalType": "address",
                "name": "payer",
                "type": "address"
            },
            {
                "indexed": true,
                "internalType": "address",
                "name": "payee",
                "type": "address"
            },
            {
                "indexed": false,
                "internalType": "uint256",
                "name": "amount",
                "type": "uint256"
            }
        ],
        "name": "EscrowCreatedETH",
        "type": "event"
    },
    {
        "anonymous": false,
        "inputs": [
            {
                "indexed": true,
                "internalType": "uint256",
                "name": "orderId",
                "type": "uint256"
            },
            {
                "indexed": true,
                "internalType": "address",
                "name": "to",
                "type": "address"
            },
            {
                "indexed": false,
                "internalType": "uint256",
                "name": "amount",
                "type": "uint256"
            }
        ],
        "name": "EscrowRefunded",
        "type": "event"
    },
    {
        "anonymous": false,
        "inputs": [
            {
                "indexed": true,
                "internalType": "address",
                "name": "oldOwner",
                "type": "address"
            },
            {
                "indexed": true,
                "internalType": "address",
                "name": "newOwner",
                "type": "address"
            }
        ],
        "name": "OwnerTransferred",
        "type": "event"
    },
    {
        "anonymous": false,
        "inputs": [
            {
                "indexed": true,
                "internalType": "uint256",
                "name": "orderId",
                "type": "uint256"
            },
            {
                "indexed": true,
                "internalType": "address",
                "name": "to",
                "type": "address"
            },
            {
                "indexed": false,
                "internalType": "uint256",
                "name": "amount",
                "type": "uint256"
            }
        ],
        "name": "PaymentReleased",
        "type": "event"
    },
    {
        "anonymous": false,
        "inputs": [
            {
                "indexed": true,
                "internalType": "uint256",
                "name": "orderId",
                "type": "uint256"
            },
            {
                "indexed": false,
                "internalType": "uint256",
                "name": "penaltyAmount",
                "type": "uint256"
            },
            {
                "indexed": true,
                "internalType": "address",
                "name": "to",
                "type": "address"
            }
        ],
        "name": "PenaltyApplied",
        "type": "event"
    },
    {
        "stateMutability": "payable",
        "type": "fallback"
    },
    {
        "inputs": [
            {
                "internalType": "uint256",
                "name": "orderId",
                "type": "uint256"
            },
            {
                "internalType": "uint256",
                "name": "penaltyAmount",
                "type": "uint256"
            },
            {
                "internalType": "address",
                "name": "to",
                "type": "address"
            }
        ],
        "name": "applyPenalty",
        "outputs": [],
        "stateMutability": "nonpayable",
        "type": "function"
    },
    {
        "inputs": [
            {
                "internalType": "uint256",
                "name": "orderId",
                "type": "uint256"
            },
            {
                "internalType": "address",
                "name": "payee",
                "type": "address"
            },
            {
                "internalType": "address",
                "name": "token",
                "type": "address"
            },
            {
                "internalType": "uint256",
                "name": "amount",
                "type": "uint256"
            }
        ],
        "name": "createEscrowERC20",
        "outputs": [],
        "stateMutability": "nonpayable",
        "type": "function"
    },
    {
        "inputs": [
            {
                "internalType": "uint256",
                "name": "orderId",
                "type": "uint256"
            },
            {
                "internalType": "address",
                "name": "payee",
                "type": "address"
            }
        ],
        "name": "createEscrowETH",
        "outputs": [],
        "stateMutability": "payable",
        "type": "function"
    },
    {
        "inputs": [],
        "name": "deliveryContract",
        "outputs": [
            {
                "internalType": "address",
                "name": "",
                "type": "address"
            }
        ],
        "stateMutability": "view",
        "type": "function"
    },
    {
        "inputs": [
            {
                "internalType": "uint256",
                "name": "",
                "type": "uint256"
            }
        ],
        "name": "escrows",
        "outputs": [
            {
                "internalType": "address",
                "name": "payer",
                "type": "address"
            },
            {
                "internalType": "address",
                "name": "payee",
                "type": "address"
            },
            {
                "internalType": "enum PaymentEscrow.TokenType",
                "name": "tokenType",
                "type": "uint8"
            },
            {
                "internalType": "address",
                "name": "token",
                "type": "address"
            },
            {
                "internalType": "uint256",
                "name": "amount",
                "type": "uint256"
            },
            {
                "internalType": "bool",
                "name": "released",
                "type": "bool"
            }
        ],
        "stateMutability": "view",
        "type": "function"
    },
    {
        "inputs": [
            {
                "internalType": "uint256",
                "name": "orderId",
                "type": "uint256"
            }
        ],
        "name": "getEscrow",
        "outputs": [
            {
                "internalType": "address",
                "name": "payer",
                "type": "address"
            },
            {
                "internalType": "address",
                "name": "payee",
                "type": "address"
            },
            {
                "internalType": "enum PaymentEscrow.TokenType",
                "name": "tokenType",
                "type": "uint8"
            },
            {
                "internalType": "address",
                "name": "token",
                "type": "address"
            },
            {
                "internalType": "uint256",
                "name": "amount",
                "type": "uint256"
            },
            {
                "internalType": "bool",
                "name": "released",
                "type": "bool"
            }
        ],
        "stateMutability": "view",
        "type": "function"
    },
    {
        "inputs": [],
        "name": "owner",
        "outputs": [
            {
                "internalType": "address",
                "name": "",
                "type": "address"
            }
        ],
        "stateMutability": "view",
        "type": "function"
    },
    {
        "inputs": [
            {
                "internalType": "uint256",
                "name": "orderId",
                "type": "uint256"
            }
        ],
        "name": "refund",
        "outputs": [],
        "stateMutability": "nonpayable",
        "type": "function"
    },
    {
        "inputs": [
            {
                "internalType": "uint256",
                "name": "orderId",
                "type": "uint256"
            }
        ],
        "name": "releasePayment",
        "outputs": [],
        "stateMutability": "nonpayable",
        "type": "function"
    },
    {
        "inputs": [
            {
                "internalType": "address",
                "name": "_deliveryContract",
                "type": "address"
            }
        ],
        "name": "setDeliveryContract",
        "outputs": [],
        "stateMutability": "nonpayable",
        "type": "function"
    },
    {
        "inputs": [
            {
                "internalType": "address",
                "name": "newOwner",
                "type": "address"
            }
        ],
        "name": "transferOwnership",
        "outputs": [],
        "stateMutability": "nonpayable",
        "type": "function"
    },
    {
        "stateMutability": "payable",
        "type": "receive"
    }
]