[
    {
        "inputs": [
            {
                "internalType": "address",
                "name": "accessRegistry",
                "type": "address"
            },
            {
                "internalType": "address",
                "name": "deliveryContract",
                "type": "address"
            }
        ],
        "stateMutability": "nonpayable",
        "type": "constructor"
    },
    {
        "inputs": [],
        "name": "AlreadyFinalized",
        "type": "error"
    },
    {
        "inputs": [
            {
                "internalType": "string",
                "name": "reason",
                "type": "string"
            }
        ],
        "name": "InvalidInput",
        "type": "error"
    },
    {
        "inputs": [],
        "name": "NotAuthorized",
        "type": "error"
    },
    {
        "inputs": [
            {
                "internalType": "string",
                "name": "field",
                "type": "string"
            }
        ],
        "name": "OutOfRange",
        "type": "error"
    },
    {
        "inputs": [],
        "name": "ProofNotInit",
        "type": "error"
    },
    {
        "anonymous": false,
        "inputs": [
            {
                "indexed": true,
                "internalType": "uint256",
                "name": "orderId",
                "type": "uint256"
            },
            {
                "indexed": false,
                "internalType": "int32",
                "name": "latE6",
                "type": "int32"
            },
            {
                "indexed": false,
                "internalType": "int32",
                "name": "lonE6",
                "type": "int32"
            },
            {
                "indexed": false,
                "internalType": "uint40",
                "name": "time",
                "type": "uint40"
            },
            {
                "indexed": true,
                "internalType": "address",
                "name": "by",
                "type": "address"
            }
        ],
        "name": "CheckpointAdded",
        "type": "event"
    },
    {
        "anonymous": false,
        "inputs": [
            {
                "indexed": true,
                "internalType": "uint256",
                "name": "orderId",
                "type": "uint256"
            },
            {
                "indexed": false,
                "internalType": "uint256",
                "name": "time",
                "type": "uint256"
            },
            {
                "indexed": true,
                "internalType": "address",
                "name": "by",
                "type": "address"
            }
        ],
        "name": "Finalized",
        "type": "event"
    },
    {
        "anonymous": false,
        "inputs": [
            {
                "indexed": true,
                "internalType": "address",
                "name": "oldOwner",
                "type": "address"
            },
            {
                "indexed": true,
                "internalType": "address",
                "name": "newOwner",
                "type": "address"
            }
        ],
        "name": "OwnerTransferred",
        "type": "event"
    },
    {
        "anonymous": false,
        "inputs": [
            {
                "indexed": true,
                "internalType": "uint256",
                "name": "orderId",
                "type": "uint256"
            },
            {
                "indexed": true,
                "internalType": "address",
                "name": "by",
                "type": "address"
            }
        ],
        "name": "ProofInitialized",
        "type": "event"
    },
    {
        "inputs": [
            {
                "internalType": "uint256",
                "name": "orderId",
                "type": "uint256"
            },
            {
                "internalType": "int256",
                "name": "latE6",
                "type": "int256"
            },
            {
                "internalType": "int256",
                "name": "lonE6",
                "type": "int256"
            },
            {
                "internalType": "uint256",
                "name": "ts",
                "type": "uint256"
            }
        ],
        "name": "addCheckpoint",
        "outputs": [],
        "stateMutability": "nonpayable",
        "type": "function"
    },
    {
        "inputs": [],
        "name": "delivery",
        "outputs": [
            {
                "internalType": "contract IDeliveryManagement",
                "name": "",
                "type": "address"
            }
        ],
        "stateMutability": "view",
        "type": "function"
    },
    {
        "inputs": [
            {
                "internalType": "uint256",
                "name": "orderId",
                "type": "uint256"
            }
        ],
        "name": "finalize",
        "outputs": [],
        "stateMutability": "nonpayable",
        "type": "function"
    },
    {
        "inputs": [
            {
                "internalType": "uint256",
                "name": "orderId",
                "type": "uint256"
            }
        ],
        "name": "getCheckpoints",
        "outputs": [
            {
                "components": [
                    {
                        "internalType": "int32",
                        "name": "latE6",
                        "type": "int32"
                    },
                    {
                        "internalType": "int32",
                        "name": "lonE6",
                        "type": "int32"
                    },
                    {
                        "internalType": "uint40",
                        "name": "time",
                        "type": "uint40"
                    }
                ],
                "internalType": "struct ProofOfDelivery.Checkpoint[]",
                "name": "",
                "type": "tuple[]"
            }
        ],
        "stateMutability": "view",
        "type": "function"
    },
    {
        "inputs": [
            {
                "internalType": "uint256",
                "name": "orderId",
                "type": "uint256"
            }
        ],
        "name": "initProof",
        "outputs": [],
        "stateMutability": "nonpayable",
        "type": "function"
    },
    {
        "inputs": [
            {
                "internalType": "uint256",
                "name": "orderId",
                "type": "uint256"
            }
        ],
        "name": "isFinalized",
        "outputs": [
            {
                "internalType": "bool",
                "name": "",
                "type": "bool"
            }
        ],
        "stateMutability": "view",
        "type": "function"
    },
    {
        "inputs": [],
        "name": "owner",
        "outputs": [
            {
                "internalType": "address",
                "name": "",
                "type": "address"
            }
        ],
        "stateMutability": "view",
        "type": "function"
    },
    {
        "inputs": [
            {
                "internalType": "uint256",
                "name": "orderId",
                "type": "uint256"
            }
        ],
        "name": "proofExists",
        "outputs": [
            {
                "internalType": "bool",
                "name": "",
                "type": "bool"
            }
        ],
        "stateMutability": "view",
        "type": "function"
    },
    {
        "inputs": [],
        "name": "registry",
        "outputs": [
            {
                "internalType": "contract IAccessRegistry",
                "name": "",
                "type": "address"
            }
        ],
        "stateMutability": "view",
        "type": "function"
    },
    {
        "inputs": [
            {
                "internalType": "address",
                "name": "newOwner",
                "type": "address"
            }
        ],
        "name": "transferOwnership",
        "outputs": [],
        "stateMutability": "nonpayable",
        "type": "function"
    }
]